username, created_at, lng, lat, text
fckyoufeedme, Thu Apr 23 15:56:40 +0000 2020, -122.330602, 47.614817, @SaraMcChong Already told you I‚Äôm 100% down to do it again! üòÇ 
Dennis3958, Thu Apr 23 15:56:41 +0000 2020, -122.641095, 45.777867, Gosh! She are smart. 
kayco76, Thu Apr 23 15:56:41 +0000 2020, -120.882482, 47.273022, Define untested u twit, tested and approved by FDA?  ‚úÖ.  If it is proven effective for COVID 19 depends on well des‚Ä¶ https://t.co/Plr73PO1xm 
mordecai_hunter, Thu Apr 23 15:56:44 +0000 2020, -116.947883, 47.718905, @Catsorange1 @toe_german @NPR It‚Äôs useful as an economic indicator, but it fails to convey all of the information.‚Ä¶ https://t.co/2BrlQu9V3N 
jamesbrownaa, Thu Apr 23 15:56:46 +0000 2020, -122.818486, 49.111519, Jules is a beauty! 
JustMrLeeds, Thu Apr 23 15:56:48 +0000 2020, -122.400067, 45.533894, Fingers crossed for our Thursday night game tonight. I‚Äôve been dying for some closure on this arc for the past 3 WE‚Ä¶ https://t.co/SWxZ9RK4nf 
seachildwarned, Thu Apr 23 15:56:51 +0000 2020, -122.343179, 47.755871, @ahsimlibrarian ‚ù§Ô∏è‚ù§Ô∏è‚ù§Ô∏è 
katebperez, Thu Apr 23 15:56:55 +0000 2020, -122.330602, 47.614817, #keeperinstructor üëáüèº 
____PMB, Thu Apr 23 15:56:58 +0000 2020, -122.240595, 47.853083, @GuiltyOfStuntn1 I gotta re-evaluate my love life , cause what I‚Äôm not doing ü§£üòÜ 
runningevolve, Thu Apr 23 15:57:00 +0000 2020, -122.349511, 47.502955, @MaskTami @kolbejack I started a online re-mote bootcamp. 8 classes a week. At least someone will get stronger. üí™üèª 
ecyseattle, Thu Apr 23 15:57:00 +0000 2020, -122.330602, 47.614817, Thanks for unmasking that fence walker, @ecyCentral! 
bardwellta, Thu Apr 23 15:56:57 +0000 2020, -122.330602, 47.614817, Highly recommend "Circus of Books" on @netflix! I was skeptical at first &amp; didn't get hooked right away but the tou‚Ä¶ https://t.co/u3cv1sJ0b6 
CoachPock6, Thu Apr 23 15:57:04 +0000 2020, -122.780831, 47.051444, @dweber34 I read up a bit. She‚Äôs a notorious anti-vaxxer holding an ‚Äúanti quarantine‚Äù part at a public park. 
deafanddoom, Thu Apr 23 15:57:06 +0000 2020, -122.630908, 45.536402, @armyofskeletons @SheaSerrano Fuck Stitt and anybody who rides with him.Had somebody on a friend's facebook yeste‚Ä¶ https://t.co/wqTLBS8Jnp 
steveconsultsp1, Thu Apr 23 15:57:08 +0000 2020, -117.434547, 47.667438, https://t.co/xlqZojGvJ3 
dann_merritt, Thu Apr 23 15:57:14 +0000 2020, -117.054688, 48.182419, Good deeds are remembered forever, when accomplished by good people.Stay proper, and prosper. 
CorvusCorax77, Thu Apr 23 15:57:15 +0000 2020, -122.630908, 45.536402, @TheFlemishSeth @ravenousthot SAME DAMN FEELS. 
yourbcagent, Thu Apr 23 15:57:16 +0000 2020, -122.818486, 49.111519, #chuck #ChuckNorris #awesome https://t.co/YtPqQd7d9i 
deejayatm, Thu Apr 23 15:57:19 +0000 2020, -122.678249, 45.518237, A year ago today. #tbt I miss basketball @dame_lillard @trailblazers @ Portland, Oregon https://t.co/AtyrU3hTj5 
PatrickChiotti, Thu Apr 23 15:57:19 +0000 2020, -122.588975, 45.630589, It‚Äôs Draft Day and people still out here saying Henry Ruggs is only a speed guy 
jerisbrisk, Thu Apr 23 15:57:19 +0000 2020, -122.061771, 47.678813, @ashnichrist Da boys@DBGaming_TTV@PandasTasteGood https://t.co/vWaXryyv1q 
michellewahito1, Thu Apr 23 15:57:19 +0000 2020, -122.334461, 47.307568, @DangeRussWilson True! 
MicrosoftPM, Thu Apr 23 15:57:22 +0000 2020, -122.149768, 47.597856, @APompliano Not only did their source of income disappear overnight, what money they have now is losing value every‚Ä¶ https://t.co/VfjTzGns3v 
TatiGrebennique, Thu Apr 23 15:57:24 +0000 2020, -122.330602, 47.614817, @switch_twitch @Koda117 üò±üò±üò± 
YoungsterOscar, Thu Apr 23 15:57:31 +0000 2020, -120.583402, 44.145437, @shatteredbrit Lucky - His Favorite coffee is a Mocha with Milk and two sugars https://t.co/JebhXLjVPM 
ImGeraldMan, Thu Apr 23 15:57:31 +0000 2020, -122.330602, 47.614817, @donnajeanie @JoeNBC There‚Äôs nothing like shame to convince people that the decision to vote this guy in office was‚Ä¶ https://t.co/8nFdnexvbD 
Adiyajs, Thu Apr 23 15:57:31 +0000 2020, -120.882482, 47.273022, Bro @WildNOut is straight comedy üòÜüò≠ 
jordansims33, Thu Apr 23 15:57:31 +0000 2020, -122.343179, 47.755871, Draft Time!!! I know he wasn‚Äôt talking about football, but I think he WAS talking about football! #NFLDraft‚Ä¶ https://t.co/agNGFg9zuo 
centristSpokane, Thu Apr 23 15:57:33 +0000 2020, -117.434547, 47.667438, @redskin_potato @ModerateWill Inhoffe seems a little more fishy to me but we dont have as many details on his yet.‚Ä¶ https://t.co/8FvdF5Raw2 
Tyloading9, Thu Apr 23 15:57:33 +0000 2020, -122.923516, 47.064528, All praise to the most high üôèüèæ 
MicrosoftPM, Thu Apr 23 15:57:33 +0000 2020, -122.149768, 47.597856, @APompliano Instead of accusing them of ignorance and lack of education, practice empathy, see the clearly present‚Ä¶ https://t.co/7mvP3DZRc1 
seachildwarned, Thu Apr 23 15:57:34 +0000 2020, -122.343179, 47.755871, TBT https://t.co/wthbi6a6Il 
WerewolfCoach, Thu Apr 23 15:57:35 +0000 2020, -122.330602, 47.614817, @Play_Michaelous the thing that scares me is when I first watched all I could think is, wow this seems like an anti‚Ä¶ https://t.co/Y2u0xMxMUZ 
toddkeeling, Thu Apr 23 15:57:37 +0000 2020, -122.330602, 47.614817, @tferriss Tim, if you have fb group for your psychedelic/mental health mission, I offer my experience. It‚Äôs my miss‚Ä¶ https://t.co/rn9F448vjw 
pnwtreezplz, Thu Apr 23 15:57:38 +0000 2020, -122.386398, 47.135022, This woman ‚Äúmy books really old, it‚Äôs from 1990.‚Äù  üôÉ 
allyct1200, Thu Apr 23 15:57:41 +0000 2020, -120.583402, 44.145437, @BlendBeast üòÇüòÇüòÇüíñ 
CoachPock6, Thu Apr 23 15:57:49 +0000 2020, -122.780831, 47.051444, @BryanIrion @HogueCM I‚Äôm blocked by this dude?? Lol 
cortnikristine, Thu Apr 23 15:57:50 +0000 2020, -122.433195, 45.510141, I have to walk a mile.... just a mile and I‚Äôm dreading it. 
dloitz, Thu Apr 23 15:57:51 +0000 2020, -122.630908, 45.536402, @notcapnamerica Just give them the VP spot now!!!! That‚Äôs the tweet. 
MarkPattisonNFL, Thu Apr 23 15:57:55 +0000 2020, -122.296120, 47.437180, #tbt Grateful to the NFL Networks for filming Life After Football segment two years ago on Mt Rainier with me.  Sup‚Ä¶ https://t.co/9kDHnudGf6 
garrett_kelly, Thu Apr 23 15:57:57 +0000 2020, -122.630908, 45.536402, It‚Äôs such a charming village. Cornwall in general is gorgeous and Mousehole is no exception. https://t.co/r402uSVXI0 
domshyra, Thu Apr 23 15:57:58 +0000 2020, -122.630908, 45.536402, @_TheWand3r3r_ @obtother @zoramag oh not judging you at all. i‚Äôm just saying on this topic you‚Äôre static. you have‚Ä¶ https://t.co/90veGZltS0 
Motley_Su, Thu Apr 23 15:58:03 +0000 2020, -122.031668, 47.373341, @chasingthecrows Hugs 
steveconsultsp1, Thu Apr 23 15:58:03 +0000 2020, -117.428360, 47.745223, @AnthonyBonk4 To me, a bit too much. 
meinmidstofmany, Thu Apr 23 15:58:08 +0000 2020, -122.330800, 47.604600, My evil captor has her uses.  She's a great pillow,  and I can dream of my Terrible and ultimate rule of Planet ear‚Ä¶ https://t.co/ngfkcaa4f3 
LlONS__, Thu Apr 23 15:58:16 +0000 2020, -122.669236, 47.561802, @freejwatch @swaggymiIkshake https://t.co/fn0zd203nZ 
bryand85, Thu Apr 23 15:58:16 +0000 2020, -122.506779, 47.157103, To whoever got Alex Trebek trending causing me to hold my breath... https://t.co/YlpTx91gf7 
PattyMa100753, Thu Apr 23 15:58:24 +0000 2020, -120.583402, 44.145437, Problem is, when my sister-in-law put several hundred thousand dollars in her safe, it was stolen by a trusted ‚Äúfri‚Ä¶ https://t.co/nIfHni1Co1 
allyct1200, Thu Apr 23 15:58:24 +0000 2020, -120.583402, 44.145437, @MakeupByJxb @JeffreeStar @shanedawson One day love üíñüíñüíñ 
Tyloading9, Thu Apr 23 15:58:24 +0000 2020, -122.923516, 47.064528, I say action itsssaww movieeee ugh ! 
RossFletcher1, Thu Apr 23 15:58:24 +0000 2020, -122.330602, 47.614817, @Steve_Crossman @arlowhite @WeAreECS Still waiting for the concierge fee you promised me üòÇ... Ps every time I go to‚Ä¶ https://t.co/nwktyBQAbo 
C_Topps, Thu Apr 23 15:58:33 +0000 2020, -122.205946, 47.773496, Lmao I called the shop 
CoachTB02, Thu Apr 23 15:58:33 +0000 2020, -122.260407, 47.804248, He so fast he make fast people look not fast! üíØ Appreciated the excitement to get better day in a day out! Remember‚Ä¶ https://t.co/w2vXW5HHTK 
Proto_pasta, Thu Apr 23 15:58:35 +0000 2020, -122.630908, 45.536402, @_Tinkerz @ChaosCoreTech @Fillamentum @flowalistik What do you think @joeltelling @3dprintingnerd? 
dlkluth, Thu Apr 23 15:58:38 +0000 2020, -114.143262, 45.494552, My favorite book. I think about it practically everyday while working on my masters in agriculture and while living‚Ä¶ https://t.co/q9wtwmMGzJ 
nahmandolphins, Thu Apr 23 15:58:42 +0000 2020, -122.630908, 45.536402, Today is another great day to stan Megan Thee Stallion 
Deeanthony_GOES, Thu Apr 23 15:58:46 +0000 2020, -122.330602, 47.614817, OMW BE THERE IN 15 MINS 
soltoseedfarm, Thu Apr 23 15:58:49 +0000 2020, -120.882482, 47.273022, A taco truck on every corner would be nice right about now. 
kylecat10, Thu Apr 23 15:58:53 +0000 2020, -122.630908, 45.536402, @Vicki34F @funder neither do prostitutes. 
NoahRiffe, Thu Apr 23 15:58:54 +0000 2020, -122.061771, 47.678813, Morning vibes https://t.co/Vp6NvN9fT0 
KennyOstrer, Thu Apr 23 15:58:55 +0000 2020, -122.588975, 45.630589, @MysterySolvent "I work for a fucking moron" 
TokyoWiz, Thu Apr 23 15:58:55 +0000 2020, -123.706519, 46.967072, #Now https://t.co/uaDqYaXd13‰∫àÊÉ≥Â±ã„Å®Âëº„Å∞„Çå„ÇãÂ≠¶ËÄÖ„Åå„ÅÑ„Çã„ÄÇÂÜÖË®≥„ÅØ„Äå5„ÄÅ6Êúà„Å´Á¨¨‰∏ÄÊÆµÈöé„ÄÅ7„ÄÅ8Êúà„Å´Á¨¨‰∫åÊÆµÈöé„ÄÅ9„ÄÅ10Êúà„Å´Á¨¨‰∏âÊÆµÈöé„ÄÅ11„ÄÅ12‚Ä¶„ÄçÂæ°Á≤óÊú´„Å™‰∫àÊÉ≥„Åß„ÅÇ„Çã„ÄÇÊ≤ªÈ®ìÈñãÂßã„Çí7Êúà„Åã„ÇâÂÆüÊñΩ„Åô„Çã„ÅåÁõ¥Êé•‰∫∫‰Ωì„Åß‚Ä¶ https://t.co/lL5qIWaCSK 
ChrisTeso, Thu Apr 23 15:58:57 +0000 2020, -122.630908, 45.536402, @ohrichinal @OregonGovBrown Emily‚Äôs is https://t.co/D5WahxCkx8 
pegdid, Thu Apr 23 15:59:03 +0000 2020, -122.330602, 47.614817, @QuancyClayborne Hamilton McNutt 
Bgivey, Thu Apr 23 15:59:09 +0000 2020, -124.044307, 46.497139, @Roonie_Bear @texasrecks https://t.co/xWimp3l62X 
sabinasoubrette, Thu Apr 23 15:59:10 +0000 2020, -122.330602, 47.614817, Why yes, I am a nerd. Why do you ask?https://t.co/O8rKMHZ6As 
WerewolfCoach, Thu Apr 23 15:59:12 +0000 2020, -122.330602, 47.614817, @JChipmunky squall 
jerisbrisk, Thu Apr 23 15:59:15 +0000 2020, -122.061771, 47.678813, @RedOnBrandon1 One of my favs:S2E9 The Measure of a Man https://t.co/vqr0gnWhVG 
JBlock49, Thu Apr 23 15:59:18 +0000 2020, -122.630908, 45.536402, uzi the shadow hokage of hip-hop 
thisisjustaride, Thu Apr 23 15:59:20 +0000 2020, -122.433195, 45.510141, Great thread ü§£ 
ThatsSoo_Ravin, Thu Apr 23 15:59:21 +0000 2020, -120.583402, 44.145437, Honestly I just want summer 13 vibes back 
zagupoz, Thu Apr 23 15:59:22 +0000 2020, -117.434547, 47.667438, Just had to block my 5th Arizona Hoops fan the block party is growing! #Gozags 
Tyloading9, Thu Apr 23 15:59:24 +0000 2020, -122.923516, 47.064528, Elite 8 , a final four , and a finals too all be played. GGGs 
noboddiii, Thu Apr 23 15:59:24 +0000 2020, -122.637309, 48.289541, I don‚Äôt feel like a people person today. At all. Trying my best lol 
MrsGatewoodWH, Thu Apr 23 15:59:25 +0000 2020, -122.935530, 45.530779, Joined Ms. Blums 2nd grade morning meeting today! It was show and tell day. I got to see Fidel‚Äôs birds! So fun!‚Ä¶ https://t.co/Z2zszGfC37 
GoDuckYourself, Thu Apr 23 15:59:27 +0000 2020, -122.877527, 45.552215, @Dusty_Harrah Needs to strengthen his grip or he is going to fight the big right miss 
KaliaJasmine, Thu Apr 23 15:59:28 +0000 2020, -122.630908, 45.536402, @unspiredprod I‚Äôm actually surprised more people haven‚Äôt used it lmao 
Witdarkstar, Thu Apr 23 15:59:31 +0000 2020, -122.042544, 47.542814, @DavidEllis Sorry to hear that Cora got so spooked. That was a frustrating power outage. 
BenedettoSam, Thu Apr 23 15:59:33 +0000 2020, -123.754776, 48.621596, @kinsellawarren Started following you. Not sure if it‚Äôll be a post pandemic thing yet 
TallPaulsLife, Thu Apr 23 15:59:34 +0000 2020, -122.818486, 49.111519, @SPTO Hhaahaa love the honesty on all fronts 
kylecat10, Thu Apr 23 15:59:35 +0000 2020, -122.630908, 45.536402, @ann32409 @funder it‚Äôs okay. we don‚Äôt really care about your baseless, blanket opinions anyways. 
Deeanthony_GOES, Thu Apr 23 15:59:37 +0000 2020, -122.330602, 47.614817, I ain't even see you called 
KetoHiking, Thu Apr 23 15:59:42 +0000 2020, -122.330602, 47.614817, Meanwhile, out in the world... https://t.co/FLVcZaDzpm 
NinaHimes, Thu Apr 23 15:59:42 +0000 2020, -122.330602, 47.614817, @TravisMayfield Horror! Harder to find good new ones these days though without cheap copouts 
ApologeticsDude, Thu Apr 23 15:59:43 +0000 2020, -122.971884, 46.727290, @HowToBuildATent One Republican law maker here is running for Governor and he is sueing Governor Inslee over this i‚Ä¶ https://t.co/wmPzjTUkAC 
matuna, Thu Apr 23 15:59:44 +0000 2020, -119.132102, 46.245556, @ForrestBates Congrats my man!!! Damn proud of you! So jelly as well. 
Luisa97209, Thu Apr 23 15:59:46 +0000 2020, -122.630908, 45.536402, @thehill Bullshit we are all worried about it. If Republicans were the only ones worried we wouldn't spend $700 bil‚Ä¶ https://t.co/WgTW6POrKo 
tuckerlisa67, Thu Apr 23 15:59:55 +0000 2020, -122.061771, 47.678813, I'm working on understanding #PowerPlatform but I got the #thrivekudos down.  I might spend my whole day showering‚Ä¶ https://t.co/wzMpLsJW7b 
jamesm10983, Thu Apr 23 15:59:54 +0000 2020, -122.330602, 47.614817, I find it strange my facial recognition is working sometimes on my iPhone with this mask on. https://t.co/erCuVwot1p 
rayyenkana, Thu Apr 23 16:00:01 +0000 2020, -122.311727, 49.050846, Getting the exercise in on a daily basis, is a great start to the day!..Have a great Thursday friends!.Text:‚Ä¶ https://t.co/BXbp3qGN8v 
allyct1200, Thu Apr 23 16:00:01 +0000 2020, -120.583402, 44.145437, @leanda71 @JeffreeStar @lvndrbeauty @LipstickGeekMUA @shanedawson They are very smooth! Easy to blend out, not too much work to work with. 
spazz_monkey_CN, Thu Apr 23 16:00:02 +0000 2020, -122.194398, 47.481598, Music is coming soon I promise 
pdxpolicelog, Thu Apr 23 16:00:02 +0000 2020, -122.534002, 45.534216, UNWANTED PERSON at 12500 NE HALSEY ST, PORT [Portland Police #PP20000131954] 08:47 #pdx911 
RetroLance, Thu Apr 23 16:00:02 +0000 2020, -122.630908, 45.536402, @ChristopOConnor @ambrown More suited for using in place of paper towels. 
pdxfirelog, Thu Apr 23 16:00:02 +0000 2020, -122.666278, 45.540433, MED - MEDICAL at 2500 N WILLIAMS AVE, PORT [Portland Fire #RP20000033052] 07:51 #pdx911 
GlynFWPS, Thu Apr 23 16:00:02 +0000 2020, -122.334461, 47.307568, @mLe206 I‚Äôd love to hear more. 
pdxpolicelog, Thu Apr 23 16:00:03 +0000 2020, -122.559553, 45.516589, UNWANTED PERSON at 10100 SE WASHINGTON ST, PORT [Portland Police #PP20000131874] 07:12 #pdx911 
snohopanthers, Thu Apr 23 16:00:04 +0000 2020, -122.078217, 47.931140, Wow wow wow! Huge congratulations to Senior Sophia Rennert for her GOLD MEDAL in the NATIONAL Scholastic Art Awards‚Ä¶ https://t.co/rj5zDz8T6j 
booksbyapple, Thu Apr 23 16:00:06 +0000 2020, -122.260407, 47.804248, @blktinabelcher @marisabcrane Never heard of it. I'll have to Google that..... 
Djuna22, Thu Apr 23 16:00:08 +0000 2020, -122.330602, 47.614817, WA Supreme Court unanimously holds that person detained at the border was in custody for 5th Amendment purposes, de‚Ä¶ https://t.co/VS0HrSrjsj 
daysharpie, Thu Apr 23 16:00:10 +0000 2020, -122.218075, 47.392311, Thank you! New music! 
Dennis3958, Thu Apr 23 16:00:10 +0000 2020, -122.641095, 45.777867, Yep! Dumber than a stump! 
C_Topps, Thu Apr 23 16:00:10 +0000 2020, -122.205946, 47.773496, @BrowardBabie I was like your coworker is hella racist to whoever picked up and he was like yo bro I know. He alrea‚Ä¶ https://t.co/dtEDVN3QAL 
CpaCarter, Thu Apr 23 16:00:11 +0000 2020, -122.035069, 47.608120, @seyyed65shahab @Irani_in_DK @mariekemph @ghademoon_158 @realDonaldTrump You‚Äôre crazy. üòÇü§£ 
stingray649, Thu Apr 23 16:00:22 +0000 2020, -120.583402, 44.145437, üí©üí©üí©üí©üí©üí©üí©üçä 
domshyra, Thu Apr 23 16:00:22 +0000 2020, -122.630908, 45.536402, @_TheWand3r3r_ @obtother @zoramag sorry if i made you feel judged. i just truly want to know why you‚Äôre so reluctan‚Ä¶ https://t.co/sXcSn5k0lV 
tinyhandstacoma, Thu Apr 23 16:00:24 +0000 2020, -122.455344, 47.242960, @VictoriaRage @KelleMartina I think also it brings a unique and hard to duplicate type of pleasure and satisfaction to the one serving you. 
Curiel_19, Thu Apr 23 16:00:26 +0000 2020, -120.252874, 47.424134, This song is a BANGER!!! üéßüéß 
benny_vazquezz, Thu Apr 23 16:00:27 +0000 2020, -122.274055, 47.905972, That new @KayzoMusic and @calciumdubs thooooo ü•µüî• 
scnr, Thu Apr 23 16:00:29 +0000 2020, -122.771686, 45.547192, I'm at Forest Heights in Portland, OR https://t.co/44PIaDWdtW 
AdrianForJudge, Thu Apr 23 16:00:37 +0000 2020, -122.630908, 45.536402, https://t.co/VbG1rhPcfE 
holly_jean, Thu Apr 23 16:00:43 +0000 2020, -117.247875, 47.630038, Dear neighbor,I have been listening to you yell and cuss at your children everyday for the last five weeks and I‚Ä¶ https://t.co/IIICzW0CYH 
loganb, Thu Apr 23 16:00:44 +0000 2020, -122.330602, 47.614817, @pickovven Wait, I‚Äôm confused. Do you consider it good or bad that the aluminum smelter is closed? 
NinaHimes, Thu Apr 23 16:00:47 +0000 2020, -122.330602, 47.614817, @KelsieAbrams3 https://t.co/SUwEoaTatw 
NBCsSMASH, Thu Apr 23 16:00:51 +0000 2020, -122.630908, 45.536402, HATRED, A MUSICALFeaturing @alyssahaning as RoseThis Sunday, 5 p.m. PDT on YouTube Live.üíîüî™üíµüåπ https://t.co/c5j3YBSc5s 
miqmiqmiq, Thu Apr 23 16:00:51 +0000 2020, -122.630908, 45.536402, @RaminaShlah You are also up on your tippy toes. 
Beth_Kerschen, Thu Apr 23 16:00:56 +0000 2020, -122.678249, 45.518237, RARE CHANCE! I have been partnering with Powell's Books here in Portland (the largest independent bookstore in the‚Ä¶ https://t.co/fYR0RwuzKW 
Corit864, Thu Apr 23 16:00:57 +0000 2020, -120.583402, 44.145437, Ellen DeGeneres. Great outdoor show in California. 
MorgBGreat, Thu Apr 23 16:00:57 +0000 2020, -122.330602, 47.614817, @colderthan__ice @lank_ee @JoellasWorld That makes sense. I imagine your clothes are already a couple sizes larger‚Ä¶ https://t.co/1ixIiUFle2 
steveconsultsp1, Thu Apr 23 16:00:59 +0000 2020, -117.434547, 47.667438, Hey guys, that Might be Factory Fresh!  I believe you could Order a 428 Cobra Jet in a '70 Torino Wagon! ü§îüá∫üá∏üòéüèÅ 
c2cosmetics, Thu Apr 23 16:01:00 +0000 2020, -122.923516, 47.064528, that feeling when you take the rest of the coffee from the pot and accidentally put too much creamer ü•∫üò≠ https://t.co/0flkkMGYL2 
Chatham253, Thu Apr 23 16:01:01 +0000 2020, -122.149768, 47.597856, This tweet reminds me of that episode of the TV show "Coach" where Hayden Fox is coaching the NFL &amp; has the #1 pick‚Ä¶ https://t.co/LHIc6fDHLb 
CpaCarter, Thu Apr 23 16:01:02 +0000 2020, -122.035069, 47.608120, @EMyausuf @Toktam11324540 @Irani_in_DK @mariekemph @ghademoon_158 @realDonaldTrump Okay. Keep thinking like that. 
justmedrd, Thu Apr 23 16:01:07 +0000 2020, -122.588975, 45.630589, Pelosi,  take that white coat along with your ice cream and shove it up your ass. Lies lies lies 
KaliaJasmine, Thu Apr 23 16:01:09 +0000 2020, -122.630908, 45.536402, Are you more likely to Subscribe to an OnlyFans if it‚Äôs FREE?! 
SeahawksForever, Thu Apr 23 16:01:09 +0000 2020, -122.194398, 47.481598, @LordBadjujus Many scouts disagree with you. He‚Äôs going to go well before 27 
Mckick, Thu Apr 23 16:01:10 +0000 2020, -122.330602, 47.614817, @cwarzel I agree and have been saying this for a while. Consumer confidence is the so important in re-opening. The‚Ä¶ https://t.co/rq8C4Di9OK 
dloitz, Thu Apr 23 16:01:12 +0000 2020, -122.630908, 45.536402, I feel like this gif was made of these types of people. I hope she gets to sit in jail for awhile.‚Ä¶ https://t.co/7IlW8RWkxf 
MikeyPullman, Thu Apr 23 16:01:14 +0000 2020, -122.330602, 47.614817, @Badgirlsbedhead üî•üî•üî• 
MargoBr27708264, Thu Apr 23 16:01:16 +0000 2020, -123.421838, 48.581983, @LiveKellyRyan @AliEWentworth Thks 4 reminder &amp; Ali's terrifying experience üá®üá¶üåçüíØü§ì 
Laurelbsteele, Thu Apr 23 16:01:21 +0000 2020, -122.330602, 47.614817, Obsession is my specialty üòå 
LeighTara87, Thu Apr 23 16:01:23 +0000 2020, -114.143262, 45.494552, üé∂üíû i know that's  gonna take some time üíûüé∂https://t.co/W5zMdFlHxS 
ljeanderson2, Thu Apr 23 16:01:30 +0000 2020, -122.194398, 47.481598, @Acosta So please examine why otherwise seemingly smart strong people still cater to the whims of an ignorant abusi‚Ä¶ https://t.co/bXS0ICkPPN 
tobint, Thu Apr 23 16:01:36 +0000 2020, -122.201905, 47.680319, @SeanOnTwt This is too amazing! Made me smile. 
